---------------------------------------------DOCTOR_INFO-----------------------------------------------
INSERT INTO DOCTOR_INFO VALUES('JAS15','ASD^124','JASON','SMITH','85000.20','NEUROLOGY','2142276766',TO_DATE('2017-12-14','YYYY-MM-DD'),'04:00','JAS15');
INSERT INTO DOCTOR_INFO VALUES('FAF71','QWE^134','FAF','DU PONT','65050.70','RADIOLOGY','6823224355',TO_DATE('2017-12-17','YYYY-MM-DD'),'03:00','FAF71');
INSERT INTO DOCTOR_INFO VALUES('RAM32','ZXC^144','RAMESH','GANDHI','73670.00','PEDIATRICS','6826356555',TO_DATE('2017-12-15','YYYY-MM-DD'),'06:00','RAM32');
INSERT INTO DOCTOR_INFO VALUES('CRS11','IOP^154','CHRISTINA','MARTINEZ','66980.00','PEDIATRICS','6823462234',TO_DATE('2017-12-11','YYYY-MM-DD'),'04:00','CRS11');
INSERT INTO DOCTOR_INFO VALUES('SAM41','JKL^164','SAMUEL','BADREE','71500.00','FAMILY PRACTICE','9123534437',TO_DATE('2017-12-21','YYYY-MM-DD'),'02:00','SAM41');
INSERT INTO DOCTOR_INFO VALUES('ERW69','BNM^174','ERWIN','LEWIS','69308.00','DERMATOLOGY','4158767234',TO_DATE('2017-12-15','YYYY-MM-DD'),'08:00','ERW69');

----------------------------------------------NURSE_INFO--------------------------------------------------
INSERT INTO NURSE_INFO VALUES('TOM61','ERT^112','THOMAS','HALL','41200.00','DERMATOLOGY','ERW69');
INSERT INTO NURSE_INFO VALUES('LUC39','DFG^113','LUCY','MILLER','38340.00','PEDIATRICS','CRS11');
INSERT INTO NURSE_INFO VALUES('KNG67','CVB^114','LUCAS','KING','33000.00','RADIOLOGY','FAF71');
INSERT INTO NURSE_INFO VALUES('KYL44','TYU^115','KYLE','ABBOTT','37000.00','FAMILY PRACTICE','SAM41');
INSERT INTO NURSE_INFO VALUES('JEN98','GHJ^116','JENNA','BAKER','42200.00','PEDIATRICS','RAM32');
INSERT INTO NURSE_INFO VALUES('REB72','ASS^117','REBECCA','MARTINEZ','39240.00','NEUROLOY','JAS15');

--------------------------------------RECEPTIONIST_INFO---------------------------------------------------
INSERT INTO RECEPTIONIST_INFO VALUES('PAT09','QAZ^213','PATRICIA','INGRID','21040.00');
INSERT INTO RECEPTIONIST_INFO VALUES('DEB78','WSX^223','DEBORAH','ELLIOT','22100.50');
INSERT INTO RECEPTIONIST_INFO VALUES('JAM73','EDC^233','JAMIE','WILLIAMSON','22040.00');

---------------------------------------ACCOUNTANT_INFO-----------------------------------------------------
INSERT INTO ACCOUNTANT_INFO VALUES('JMS09','RFV^221','JAMES','ALLER','33910.00');
INSERT INTO ACCOUNTANT_INFO VALUES('LWS67','TGB^222','LEWIS','SERRANO','38450.00');

----------------------------------------PATIENT_INFO--------------------------------------------------------
INSERT INTO PATIENT_INFO 
    VALUES('BRIAN','HOSCH','MALE','2143454432','ABBA WOOD','HOUSTON','TEXAS','77040','102938475','100001','MEDICATION','200','YES',NULL,NULL,NULL,NULL,'RAM32','LUC39','JAM73','LWS67');
INSERT INTO PATIENT_INFO 
    VALUES('WILLIAM','CAMPBELL','MALE','9135679065','BERKSHIRE GREEN DR','HOUSTON','TEXAS','77083','465872434','100002','ANTI-EPILEPTIC MEDICATION','11000','YES',TO_DATE('2017-11-24','YYYY-MM-DD'),'04:34:13',TO_DATE('2017-11-30','YYYY-MM-DD'),'11:45:54','JAS15','REB88','PAT09','LWS67');
INSERT INTO PATIENT_INFO 
    VALUES('PHILLIP','TURNER','MALE','6822130989','BERLIN CT','HOUSTON','TEXAS','77070','987536541','100003','MRI','6000','NO',TO_DATE('2017-10-12','YYYY-MM-DD'),'04:11:23',TO_DATE('2017-10-12','YYYY-MM-DD'),'08:46:52','FAF71','KNG67','DEB78','LWS67');
INSERT INTO PATIENT_INFO 
    VALUES('CHRIS','LYNN','MALE','31323954565','HAT ST','HOUSTON','TEXAS','77099','287983421','100004','SKIN CARE TREATMENT','980','YES',TO_DATE('2017-10-17','YYYY-MM-DD'),NULL,TO_DATE('2017-10-17','YYYY-MM-DD'),NULL,'ERW69','TOM61','PAT09','JMS09');
INSERT INTO PATIENT_INFO 
    VALUES('ABDUL','RASHID','MALE','6829827632','FOWLIE ST','HOUSTON','TEXAS','77028','569273847','100005','BROCHITIS TREATMENT','670','YES',NULL,NULL,NULL,NULL,'CRS11','LUC39','JAM73','JMS09');
INSERT INTO PATIENT_INFO 
    VALUES('JOHNATHAN','LOWE','MALE','2148764429','EIGEL ST','HOUSTON','TEXAS','77007','462866579','100006','ULTRASOUND','2300','NO',TO_DATE('2017-07-18','YYYY-MM-DD'),NULL,TO_DATE('2017-07-18','YYYY-MM-DD'),NULL,'FAF71','KNG67','DEB78','JMS09');
INSERT INTO PATIENT_INFO 
    VALUES('NICOLE','ROGERS','FEMALE','9135234422','CHARLIE ST','HOUSTON','TEXAS','77088','345539837','100007','HEADACHE TREATMENT','500','YES',TO_DATE('2017-11-11','YYYY-MM-DD'),'13:51:22',TO_DATE('2017-11-11','YYYY-MM-DD'),'14:20:33','RAM32','LUC39','JAM73','LWS67');
INSERT INTO PATIENT_INFO 
    VALUES('JEREMIAH','KING','MALE','3137223456','CHASE LN','HOUSTON','TEXAS','77091','298847323','100008','MEDICATION','300','YES',NULL,'16:31:45',NULL,'18:55:54','JAS15','KYL44','PAT09','JMS09');
INSERT INTO PATIENT_INFO 
    VALUES('LOUISA','CARRERA','FEMALE','3139736294','BRILEY ST','HOUSTON','TEXAS','77004','766742368','100009',NULL,'100','NO',NULL,NULL,NULL,NULL,'RAM32','JEN98','PAT09','LWS67');
INSERT INTO PATIENT_INFO 
    VALUES('PETER','CAMPBELL','MALE','9132982307','97TH ST','HOUSTON','TEXAS','77012','572037364','100010','SURGICAL TREATMENT','63000','YES',TO_DATE('2017-08-31','YYYY-MM-DD'),'22:56:20',TO_DATE('2017-09-20','YYYY-MM-DD'),'20:33:54','JAS15','REB88','PAT09','LWS67');
INSERT INTO PATIENT_INFO 
    VALUES('LIMIA','ROOFUS','MALE','6825438433','DAVIS ST','HOUSTON','TEXAS','77026','156702987','100011','COSMETIC MEDICATION','2310','YES',NULL,NULL,NULL,NULL,'ERW69','TOM61','JAM73','LWS67');
INSERT INTO PATIENT_INFO 
    VALUES('CATHERINE','STEWART','FEMALE','2143674923','AUBURN ST','HOUSTON','TEXAS','77017','298735050','100012','TYPHOID SHOTS','340','YES',TO_DATE('2017-09-15','YYYY-MM-DD'),NULL,TO_DATE('2017-09-15','YYYY-MM-DD'),NULL,'SAM41','KYL44','DEB78','JMS09');
INSERT INTO PATIENT_INFO 
    VALUES('RAYMOND','PETERS','MALE','6826549278','7 MAPLES DR','HOUSTON','TEXAS','77345','926478365','100013','X-RAY','800','NO',TO_DATE('2017-08-19','YYYY-MM-DD'),'21:48:09',TO_DATE('2017-08-19','YYYY-MM-DD'),'23:22:37','FAF71','KNG67','PAT09','JMS09');
INSERT INTO PATIENT_INFO 
    VALUES('TAYLOR','JOHNSON','FEMALE','2147865296','101 ST','HOUSTON','TEXAS','77015','876236208','100014',NULL,'200','NO',NULL,NULL,NULL,NULL,'CRS11','JEN98','DEB78','LWS67');
INSERT INTO PATIENT_INFO 
    VALUES('CYNTHIA','MARTIN','FEMALE','91390453786','CANTRELL','HOUSTON','TEXAS','77074','763908763','100015','FLU MEDICATION','150','YES',NULL,NULL,NULL,NULL,'SAM41','KYL44','JAM73','JMS09');

--------------------------------------------PATIENT_INSURANCE_DETAILS--------------------------------------
INSERT INTO PATIENT_INSURANCE_DETAILS VALUES('HEALTH MAINTENANCE','BLUE CROSS AND BLUE SHIELD','PLATINUM','DAP0932543','572037364','100010');
INSERT INTO PATIENT_INSURANCE_DETAILS VALUES('HEALTH MAINTENANCE','UNITEDHEALTH GROUP','SILVER','KJS7293712','156702987','100011');
INSERT INTO PATIENT_INSURANCE_DETAILS VALUES('PREFERRED PROVIDER','WELLCARE GROUP','GOLD','GDF2765309','987536541','100003');
INSERT INTO PATIENT_INSURANCE_DETAILS VALUES('EXCLUSIVE PROVIDER','BLUE CROSS AND BLUE SHIELD','SILVER','DAS4837622','462866579','100006');
INSERT INTO PATIENT_INSURANCE_DETAILS VALUES('PREFERRED PROVIDER','AETNA GROUP','GOLD','ADG72644536','287983421','100004');
INSERT INTO PATIENT_INSURANCE_DETAILS VALUES('POINT OF SERVICE','HSCS GROUP','PLATINUM','PIU7263510','926478365','100013');
INSERT INTO PATIENT_INSURANCE_DETAILS VALUES('PREFERRED PROVIDER','HIP INSURANCE GROUP','GOLD','OGK2948564','876236208','100014');
INSERT INTO PATIENT_INSURANCE_DETAILS VALUES('POINT OF SERVICE','METROPOLITAN GROUP','BRONZE','BKK8297654','763908763','100015');
INSERT INTO PATIENT_INSURANCE_DETAILS VALUES('HEALTH MAINTENANCE','BLUE CROSS AND BLUE SHIELD','SILVER','DAS7763546','298847323','100008');
INSERT INTO PATIENT_INSURANCE_DETAILS VALUES('HEALTH MAINTENANCE','WELLCARE GROUP','GOLD','GDF3984475','465872434','100002');
INSERT INTO PATIENT_INSURANCE_DETAILS VALUES('EXCLUSIVE PROVIDER','UNITEDHEALTH GROUP','GOLD','KLG2655348','569273847','100005');


---------------------------------------------MEDICINE_DETAILS----------------------------------------------
INSERT INTO MEDICINE_DETAILS VALUES('QAZ,QWE','23.09','EACH 2/DAY','102938475','100001');
INSERT INTO MEDICINE_DETAILS VALUES('QAZ,SDF,ASD','45.80','EACH 2/DAY','465872434','100002');
INSERT INTO MEDICINE_DETAILS VALUES('KJDJ,JSHD,SD','77.33','EACH 2/DAY','287983421','100004');
INSERT INTO MEDICINE_DETAILS VALUES('SKDUD','35.76','1/DAY','569273847','100005');
INSERT INTO MEDICINE_DETAILS VALUES('SDK,URYE','67.89','EACH 2/DAY','345539837','100007');
INSERT INTO MEDICINE_DETAILS VALUES('EDFD','44.12','1/DAY','298847323','100008');
INSERT INTO MEDICINE_DETAILS VALUES('ASKHDKJ,ASYETF','103.40','EACH 3/DAY','572037364','100010');
INSERT INTO MEDICINE_DETAILS VALUES('OLHDDFY,YUWT','58.50','EACH 2/DAY','156702987','100011');
INSERT INTO MEDICINE_DETAILS VALUES('QREW,IEDH,IWIE','97.31','EACH 1/DAY','298735050','100012');
INSERT INTO MEDICINE_DETAILS VALUES('TERTKS,USYHD,OIUIUS','126.88','EACH 1/DAY','763908763','100015');

--------------------------------------------DIAGNOSIS_DETAILS----------------------------------------------
INSERT INTO DIAGNOSIS_DETAILS VALUES('12121','XYZ','250.00','MRI','987536541','100003');
INSERT INTO DIAGNOSIS_DETAILS VALUES('12122','USCN','350.00','ULTRASOUND','462866579','100006');
INSERT INTO DIAGNOSIS_DETAILS VALUES('12123','SUR','15000.00','SURGERY','572037364','100010');
INSERT INTO DIAGNOSIS_DETAILS VALUES('12124','COS','11340.00','COSMETIC','156702987','100011');
INSERT INTO DIAGNOSIS_DETAILS VALUES('12125','PLATELET COUNT','100.00','TYPHOID','298735050','100012');
INSERT INTO DIAGNOSIS_DETAILS VALUES('12126','RADIO','950.00','X-RAY','926478365','100013');
INSERT INTO DIAGNOSIS_DETAILS VALUES('12127','SHOTS','90.00','VACCINATION','763908763','100015');
INSERT INTO DIAGNOSIS_DETAILS VALUES('12128','PRESCRIPTION','40.00','MEDICATION REFILL','102938475','100001');
INSERT INTO DIAGNOSIS_DETAILS VALUES('12129','PRESCRIPTION','50.00','EPILEPSY','465872434','100002');
INSERT INTO DIAGNOSIS_DETAILS VALUES('12130','PRESCRIPTION','40.00','ECZEMA','287983421','100004');
INSERT INTO DIAGNOSIS_DETAILS VALUES('12131','PRESCRIPTION','10.00','BRONCHITIS','569273847','100005');
INSERT INTO DIAGNOSIS_DETAILS VALUES('12132','PRESCRIPTION','10.00','MIGRAINE','345539837','100007');
INSERT INTO DIAGNOSIS_DETAILS VALUES('12133','PRESCRIPTION','30.00','MEDICATION REFILL','298847323','100008');
INSERT INTO DIAGNOSIS_DETAILS VALUES('12134','URGENT CARE','15.00','VISIT','766742368','100009');
INSERT INTO DIAGNOSIS_DETAILS VALUES('12135','URGENT CARE','15.00','VISIT','876236208','1000014');

--------------------------------------------REGISTRATION_DETAILS-------------------------------------------
INSERT INTO REGISTRATION_DETAILS VALUES('SICKNESS','PEDIATRICS',NULL,'OWN VEHICLE','102938475','100001');
INSERT INTO REGISTRATION_DETAILS VALUES('EPILEPSY','NEUROLOGY',103,'AMBULANCE','465872434','100002');
INSERT INTO REGISTRATION_DETAILS VALUES('MRI SCAN','RADIOLOGY',NULL,'OWN VEHICLE','987536541','100003');
INSERT INTO REGISTRATION_DETAILS VALUES('SKIN DISEASE','DERMATOLOGY',NULL,'OWN VEHICLE','287983421','100004');
INSERT INTO REGISTRATION_DETAILS VALUES('FATIGUE AND MALAISE','PEDIATRICS',NULL,'OWN VEHICLE','569273847','100005');
INSERT INTO REGISTRATION_DETAILS VALUES('ULTRASOUND','RADIOLOGY',NULL,'OWN VEHICLE','462866579','100006');
INSERT INTO REGISTRATION_DETAILS VALUES('HEADACHE','PEDIATRICS',NULL,'OWN VEHICLE','345539837','100007');
INSERT INTO REGISTRATION_DETAILS VALUES('DIABETES','FAMILY PRACTICE',NULL,'OWN VEHICLE','298847323','100008');
INSERT INTO REGISTRATION_DETAILS VALUES('CONSULTATION','PEDIATRICS',105,'AMBULANCE','766742368','100009');
INSERT INTO REGISTRATION_DETAILS VALUES('SURGERY','NEUROLOGY',NULL,'OWN VEHICLE','572037364','100010');
INSERT INTO REGISTRATION_DETAILS VALUES('SKIN PROBLEM','DERMATOLOGY',NULL,'OWN VEHICLE','156702987','100011');
INSERT INTO REGISTRATION_DETAILS VALUES('FEVER','FAMILY PRACTICE',NULL,'OWN VEHICLE','298735050','100012');
INSERT INTO REGISTRATION_DETAILS VALUES('X-RAY','RADIOLOGY',NULL,'OWN VEHICLE','926478365','100013');
INSERT INTO REGISTRATION_DETAILS VALUES('REGULAR VISIT','PEDIATRICS',NULL,'OWN VEHICLE','876236208','100014');
INSERT INTO REGISTRATION_DETAILS VALUES('SICKNESS','FAMILY PRACTICE',NULL,'OWN VEHICLE','763908763','100015');

----------------------------------------TREATMENT_DETAILS---------------------------------------------------
INSERT INTO TREATMENT_DETAILS VALUES(TO_DATE('2017-12-17','YYYY-MM-DD'),'RAM32','102938475','100001');
INSERT INTO TREATMENT_DETAILS VALUES(TO_DATE('2017-11-30','YYYY-MM-DD'),'JAS15','465872434','100002');
INSERT INTO TREATMENT_DETAILS VALUES(TO_DATE('2017-10-12','YYYY-MM-DD'),'FAF71','987536541','100003');
INSERT INTO TREATMENT_DETAILS VALUES(TO_DATE('2017-10-17','YYYY-MM-DD'),'ERW69','287983421','100004');
INSERT INTO TREATMENT_DETAILS VALUES(TO_DATE('2017-10-21','YYYY-MM-DD'),'CRS11','569273847','100005');
INSERT INTO TREATMENT_DETAILS VALUES(TO_DATE('2017-07-18','YYYY-MM-DD'),'FAF71','462866579','100006');
INSERT INTO TREATMENT_DETAILS VALUES(TO_DATE('2017-11-11','YYYY-MM-DD'),'RAM32','345539837','100007');
INSERT INTO TREATMENT_DETAILS VALUES(TO_DATE('2017-06-06','YYYY-MM-DD'),'SAM41','298847323','100008');
INSERT INTO TREATMENT_DETAILS VALUES(TO_DATE('2017-10-20','YYYY-MM-DD'),'RAM32','766742368','100009');
INSERT INTO TREATMENT_DETAILS VALUES(TO_DATE('2017-09-04','YYYY-MM-DD'),'JAS15','572037364','100010');
INSERT INTO TREATMENT_DETAILS VALUES(TO_DATE('2017-10-09','YYYY-MM-DD'),'ERW69','156702987','100011');
INSERT INTO TREATMENT_DETAILS VALUES(TO_DATE('2017-09-15','YYYY-MM-DD'),'SAM41','298735050','100012');
INSERT INTO TREATMENT_DETAILS VALUES(TO_DATE('2017-08-19','YYYY-MM-DD'),'FAF71','926478365','100013');
INSERT INTO TREATMENT_DETAILS VALUES(TO_DATE('2017-10-14','YYYY-MM-DD'),'CRS11','876236208','100014');
INSERT INTO TREATMENT_DETAILS VALUES(TO_DATE('2017-11-27','YYYY-MM-DD'),'SAM41','763908763','100015');
